CAP_H2demand;CAP_electrolysis;CAP_H2storage
0.0;29.478476870187915;29.40698285453449
