CAP_Biomass,CAP_H2turbine
1.8405669613928345e-10,8.742053390554346
