CAP_Biomass,CAP_H2turbine
7.251367892100498e-11,8.742018232531526
