CAP_H2demand;CAP_electrolysis;CAP_H2storage
0.0;40.83120903304298;32.01910266962381
