CAP_Biomass;CAP_WindOnshore;CAP_Solar;CAP_H2turbine;CAP_Edemand
7.317766931648506e-11;97.64710738650159;330.3694824947356;8.742018232497388;0.0
