CAP_H2demand;CAP_electrolysis;CAP_H2storage
0.0;1.3940113103636179e-11;1.7627327331684882e-12
