CAP_Biomass;CAP_WindOnshore;CAP_Solar;CAP_H2turbine;CAP_Edemand
6.293386007281272e-13;1841.3344547160218;1478.3800735993368;56.41124620039611;0.0
