CAP_electrolysis;CAP_H2storage
190.1964687246671;1.6789585207920546e-13
