CAP_Biomass;CAP_WindOnshore;CAP_Solar;CAP_H2turbine;CAP_Edemand
8.053549840122106;5.185720034996573;6.910845298141283;12.026312166246393;0.0
