CAP_H2demand;CAP_electrolysis;CAP_H2storage
0.0;412.95016353798655;325.47401173982837
