CAP_Biomass;CAP_WindOnshore;CAP_Solar
329.8663235648691;1978.7003992148855;953.6453504316796
