CAP_Biomass,CAP_H2turbine
8.05354984003366,12.026312166246393
