CAP_Biomass;CAP_WindOnshore;CAP_Solar;CAP_H2turbine;CAP_Edemand
5.1254198621165915e-11;6.5212453195516344;21.626713143085578;0.0;0.0
