CAP_Biomass;CAP_WindOnshore;CAP_Solar;CAP_H2turbine;CAP_Edemand
3.383865002569336;105.01833416463501;129.99999999994452;9.227343757236817;0.0
