CAP_H2demand;CAP_electrolysis;CAP_H2storage
0.0;390.9993159912086;313.2865866125223
