CAP_Biomass;CAP_WindOnshore;CAP_Solar;CAP_H2turbine
324.8967849071622;1994.268669764421;863.6713454581246;0.0
