CAP_H2demand;CAP_electrolysis;CAP_H2storage
0.0;9.658245685123597e-13;0.17652080653312544
