CAP_H2demand;CAP_electrolysis;CAP_H2storage
0.0;40.51047361133855;29.517528412589613
