CAP_Biomass;CAP_WindOnshore;CAP_Solar;CAP_H2turbine;CAP_Edemand
3.594017675085664e-11;1860.7289877867565;1445.2490752613319;60.89681204962589;0.0
