CAP_H2demand;CAP_electrolysis;CAP_H2storage
0.0;43.012253959587994;22.231216514511626
