CAP_Biomass;CAP_WindOnshore;CAP_Solar;CAP_H2turbine
1.7243659049803737e-10;1820.2067976682438;1326.9564556478756;76.0172367963775
