CAP_electrolysis;CAP_H2storage
389.5068806287018;0.37845671344162063
