CAP_electrolysis;CAP_H2storage
409.3138084665396;330.52164405995126
