CAP_Biomass;CAP_WindOnshore;CAP_Solar;CAP_H2turbine;CAP_Edemand
2.279037126566296;73.81482471802511;76.6216859357025;5.627589722918409;0.0
