CAP_Biomass;CAP_WindOnshore;CAP_Solar;CAP_H2turbine;CAP_Edemand
2.046556987615405e-12;1789.9111243634218;1354.528631683549;57.378136441817965;0.0
