CVAR_Biomass;CVAR_WindOnshore;CVAR_Solar;CVAR_H2turbine;CVAR_Edemand
-4.25892466910754e-9;-1184.75041159862;-705.1873941632167;-135.5533567954134;98134.37377700981
