CVAR_H2demand;CVAR_electrolysis;CVAR_H2storage
64069.53188287043;-565.589993464891;-10.535633327199614
