CVAR_H2demand;CVAR_electrolysis;CVAR_H2storage
56976.80686994248;-7.812208752409553e-10;-8.879521615861881e-11
