CVAR_Biomass;CVAR_WindOnshore;CVAR_Solar;CVAR_H2turbine;CVAR_Edemand
-4.819710390916655e-9;-18.493279018569417;20.55776452437243;-8.721549078270065e-11;98129.2736559892
