CVAR_H2demand;CVAR_electrolysis;CVAR_H2storage
59518.48917735217;-9.372348342253965e-12;-0.016574373384299724
