CVAR_Biomass;CVAR_WindOnshore;CVAR_Solar;CVAR_H2turbine;CVAR_Edemand
3129.039171316277;-683.135571407622;-388.9533989965191;11487.104502296936;96874.26074624155
