agent;weigthed_obj
Biomass;168.39569467132654
H2demand;-61621.36908892661
electrolysis;315.3707042300994
WindOnshore;69.90760317379966
Solar;70.07891167691308
H2turbine;315.3707042303953
Edemand;-98626.58178197355
H2storage;146.58212341417536
