agent;weigthed_obj
Biomass;-1747.5164543502
H2demand;-59245.6194581643
electrolysis;5640.729112931009
WindOnshore;1752.4559459866693
Solar;2306.4716142189386
H2turbine;-1699.380329660803
Edemand;-97047.65839760314
H2storage;2643.769860404709
