agent;weigthed_obj
Biomass;-0.017885494581748373
H2demand;-57201.170664618025
electrolysis;0.49312149494494406
WindOnshore;0.1295645839653048
Solar;0.29336797088052435
H2turbine;0.09533774029502062
Edemand;-85509.02723940759
H2storage;0.1756246939915087
