VAR_H2demand;VAR_electrolysis;VAR_H2storage
63770.23782532003;-7.682884848337278e-10;-8.873483267922908e-11
