VAR_Biomass;VAR_WindOnshore;VAR_Solar;VAR_H2turbine;VAR_Edemand
-2.1859490174368143e-9;-987.4402780894259;-705.187394163183;-126.19772878692706;98138.02552309497
