VAR_Biomass;VAR_WindOnshore;VAR_Solar;VAR_H2turbine;VAR_Edemand
3129.0391713285317;-678.3372994855883;-387.9673615127803;11487.104502297394;100412.76733949811
