VAR_Biomass;VAR_WindOnshore;VAR_Solar;VAR_H2turbine;VAR_Edemand
-4.7544318627961435e-9;-15.48315935930306;27.85356152420692;2.8923405347198422e-11;102692.21829613927
