VAR_H2demand;VAR_electrolysis;VAR_H2storage
64072.37995002527;-565.5899934648218;-10.535633327163877
