VAR_H2demand;VAR_electrolysis;VAR_H2storage
74259.43571402917;-9.019574113452123e-12;0.02521711320376122
