CAP_Biomass;CAP_WindOnshore;CAP_Solar;CAP_H2turbine;CAP_Edemand
4.9568943836456345;92.48086861468599;129.99999999989961;6.77448675091073;0.0
