CAP_H2demand;CAP_electrolysis;CAP_H2storage
0.0;36.20960187930765;26.279062871259246
