CVAR_H2demand;CVAR_electrolysis;CVAR_H2storage
54523.002721956516;-182.93364024063578;-16.93252166455551
