CVAR_Biomass;CVAR_WindOnshore;CVAR_Solar;CVAR_H2turbine;CVAR_Edemand
-95.32998287372139;-422.9452056496041;92.99763070816428;-70.33766097844686;93579.01623681362
