VAR_H2demand;VAR_electrolysis;VAR_H2storage
63153.86708585908;-88.11189201276761;-16.925467413581774
