VAR_Biomass;VAR_WindOnshore;VAR_Solar;VAR_H2turbine;VAR_Edemand
-90.18644185184607;-352.5591589003945;108.46200139638472;-4.489105857382718;96954.71255829743
