CAP_Biomass,CAP_H2turbine
7.485200384345964,2.5446939067072663
