CAP_H2demand;CAP_electrolysis;CAP_H2storage
0.0;33.03994149329751;14.59823848821583
