CAP_Biomass;CAP_WindOnshore;CAP_Solar;CAP_H2turbine;CAP_Edemand
7.485200384347216;69.36221986527372;71.67212606070862;2.5446939067077365;0.0
